Timepoint_Transition,Cosine_Similarity,Euclidean_Distance
2024 -> 2025,0.9999983750618219,0.029282057657837868
2025 -> 2026,0.9999938416098373,0.056906335055828094
